Item Name,Buy Price,Sell Price,Margin,Limit,1h Volume,Item ID,Filtered By
Gilded med helm,2000000,2357992,310833,70,2,20146,Sale price spike (1h vs 7d)
Gilded platebody,8750402,8998261,67894,8,1,3481,No 3h average data
Dragonstone platebody,734772,805999,55108,4,2,24037,Turnover ETA > 6h
Gilded plateskirt,710001,775755,50239,8,3,3485,Actual profit/hr < 20k
Zamorak full helm,422281,473244,41499,8,8,2657,Sale price spike (1h vs 7d)
Ham joint,1152818,1211991,34934,100,93,23360,Long-term crash (>10% drop)
Zamorak armour set (lg),576119,614898,26482,8,6,13044,Actual profit/hr < 20k
Hill giant club,1094083,1140878,23978,125,16,20756,Turnover ETA > 6h
Team cape x,1154056,1200799,22728,4,3,20214,ETA volume too low
Armadyl rune armour set (sk),120571,143970,20520,8,2,13054,Profit/slot-hr < 20k
Rune shield (h3),34147,47000,11913,70,2,7348,Sale price spike (1h vs 7d)
Amulet of magic (t),14361,26262,11376,5,4,10366,Sale price spike (1h vs 7d)
Rune trimmed set (lg),131000,142999,9140,8,9,13028,Profit/slot-hr < 20k
Rune shield (h5),35000,45000,9100,70,2,7360,Profit margin < 1gp
Blue wizard robe (g),169822,182241,8775,4,4,7390,Profit/slot-hr < 20k
Amulet of power (t),305548,320000,8052,5,1,23354,ETA volume too low
Leather body (g),46244,55210,7862,8,7,23381,Purchase price drop (1h vs 7d)
Rune shield (h1),63938,72499,7112,70,2,7336,Profit/slot-hr < 20k
Rune armour set (sk),128200,137804,6848,8,9,13026,Profit/slot-hr < 20k
Black wizard hat (t),88429,94773,4449,4,3,12455,Profit/slot-hr < 20k
Studded chaps (g),4000,8377,4210,8,2,7366,Purchase price drop (1h vs 7d)
Rune helm (h1),54309,59159,3667,70,5,10286,Profit/slot-hr < 20k
Rune shield (h2),34001,38333,3566,70,3,7342,Sale price spike (3h vs 7d)
Rune helm (h5),20989,24720,3237,70,1,10294,Profit/slot-hr < 20k
Studded body (g),4800,8200,3236,8,1,7362,Profit/slot-hr < 20k
Blue skirt (g),18000,21610,3178,4,2,7386,Purchase price drop (1h vs 7d)
Blue halloween mask,7683,11000,3097,5,3,1055,No 3h average data
Rune scimitar ornament kit (Saradomin),5120,8170,2887,4,7,23324,Name exclusion
Bandos platebody,64674,68746,2698,8,3,12480,Profit/slot-hr < 20k
Rune armour set (lg),128314,133016,2042,8,5,13024,Profit/slot-hr < 20k
Partyhat set,112425,116800,2039,5,10,13173,No 3h average data
Green d'hide chaps (g),49323,51686,1330,8,4,7378,Limit × profit < 10k
Red bead,1673,2995,1263,11000,14,1470,Sale price spike (1h vs 7d)
Green d'hide body (g),4500,5823,1207,8,2,7370,Limit × profit < 10k
Red boots,1737,3000,1203,150,13,2904,Irregular volumes
Black platebody (h1),1902,3093,1130,8,3,23366,Limit × profit < 10k
Rune helm (h4),20120,21437,889,70,2,10292,Profit/slot-hr < 20k
Black pickaxe,2200,3098,837,4,46,12297,Limit × profit < 10k
Anti-dragon shield,125,950,806,125,71,1540,Irregular volumes
Rune platelegs (g),38159,39748,795,8,2,2617,Limit × profit < 10k
Santa hat,26757,28000,683,5,29,1050,Limit × profit < 10k
Team-1 cape,802,1385,556,150,7,4315,Sale price spike (3h vs 7d)
Black cape,215,730,501,150,32,1019,Irregular volumes
Frog slippers,28941,30000,459,4,2,23288,Limit × profit < 10k
Team-47 cape,111,469,349,150,2,4407,Irregular volumes
Adamant plateskirt,3480,3897,340,125,12,1091,Profit/slot-hr < 20k
Black platelegs,1165,1489,295,125,53,1077,Limit × profit < 10k
Amulet of power,1571,1899,291,125,4197,1731,Purchase price spike (1h vs 7d)
Amulet mould,219,500,271,40,13,1595,Sale price spike (1h vs 7d)
Staff of earth,712,994,263,125,12,1385,Profit/slot-hr < 20k
Adamant longsword,1466,1748,248,125,165,1301,Sale price spike (1h vs 7d)
Mithril full helm,650,907,239,125,19,1159,Irregular volumes
Fire talisman,2005,2258,208,11000,12,1442,Purchase price drop (1h vs 7d)
Zamorak monk top,550,755,190,15,10,1035,Limit × profit < 10k
Black chainbody,3151,3398,180,125,7,1107,Profit/slot-hr < 20k
Adamant warhammer,2500,2733,179,125,254,1345,Sale price spike (1h vs 7d)
Steel kiteshield,300,487,178,125,8,1193,Irregular volumes
Adamant full helm,1700,1899,162,125,146,1161,Profit/slot-hr < 20k
Amulet of defence,680,830,134,125,313,1729,Profit/slot-hr < 20k
Wizard's mind bomb,125,262,132,2000,10,1907,Irregular volumes
Goblin mail,259,387,121,15,138,288,Limit × profit < 10k
Bronze chainbody,31,150,116,125,274,1103,Sale price spike (1h vs 7d)
Antipoison(2),90,209,115,2000,30,177,Name exclusion
Steel plateskirt,204,314,104,125,16,1083,Profit margin < 1gp
Mithril kiteshield,1077,1200,99,125,44,1197,No 3h average data
Small fishing net,88,189,98,40,233,303,Limit × profit < 10k
Studded body,255,360,98,125,42,1133,Sale price spike (1h vs 7d)
Adamant sword,913,1030,97,125,36,1287,Sale price spike (3h vs 7d)
White bead,866,978,93,11000,13,1476,Irregular volumes
Monkey bones,202,301,93,3000,15,3183,Irregular volumes
Bronze platelegs,183,280,92,125,3,1075,Irregular volumes
Black bead,1093,1207,90,11000,13,1474,Profit/slot-hr < 20k
Adamant pickaxe,1468,1587,88,40,34,1271,Limit × profit < 10k
Green d'hide chaps,2083,2213,86,125,75,1099,Limit × profit < 10k
Staff of air,1398,1514,86,125,65,1381,Limit × profit < 10k
Air talisman,144,229,81,11000,252,1438,Sale price spike (1h vs 7d)
Muddy key,6010,6214,80,11000,6,991,Profit/slot-hr < 20k
Steel med helm,110,193,80,125,11,1141,Limit × profit < 10k
Dwarven stout,136,220,80,2000,56,1913,Irregular volumes
Bone fragments,527,616,77,500,1497,25139,No 3h average data
Bear fur,213,294,76,18000,89,948,Irregular volumes
Jester cape,17000,17423,75,4,5,23297,Limit × profit < 10k
Rune scimitar ornament kit (Guthix),2699,2826,71,4,3,23321,Name exclusion
Yellow bead,974,1065,70,11000,15,1472,Irregular volumes
Rune dagger,4271,4428,69,70,504,1213,Limit × profit < 10k
Knife,125,195,67,40,134,946,Limit × profit < 10k
Steel platelegs,250,323,67,125,46,1069,Limit × profit < 10k
Armadyl platelegs,37300,38127,65,8,4,12472,Limit × profit < 10k
Iron platebody,10,74,63,125,1093,1115,Limit × profit < 10k
Staff of fire,815,895,63,125,22,1387,Limit × profit < 10k
Orange dye,826,907,63,150,39,1769,No 3h average data
Steel axe,240,300,54,40,50,1353,Limit × profit < 10k
Steel dagger,50,105,53,125,10,1207,Limit × profit < 10k
Needle,124,180,53,40,1271,1733,Limit × profit < 10k
Mithril longsword,402,460,49,125,598,1299,Limit × profit < 10k
Mithril scimitar,446,505,49,125,129,1329,Limit × profit < 10k
Adamant dagger,306,360,47,125,47,1211,Limit × profit < 10k
Unfired bowl,422,478,47,10000,9,1791,Irregular volumes
Bronze full helm,79,125,44,125,5,1155,Limit × profit < 10k
Bronze axe,112,159,44,40,139,1351,Limit × profit < 10k
Amulet of magic,692,747,41,125,135,1727,Limit × profit < 10k
Monk's robe top,323,369,39,125,65,544,Limit × profit < 10k
Steel sword,38,78,39,125,19,1281,Limit × profit < 10k
Raw herring,170,211,37,15000,4833,345,Irregular volumes
Spade,160,200,36,40,123,952,Limit × profit < 10k
Iron med helm,63,100,35,125,7,1137,Limit × profit < 10k
Mind talisman,1350,1413,35,11000,13,1448,Irregular volumes
Bronze pickaxe,64,99,34,40,36,1265,Limit × profit < 10k
Brown apron,64,99,34,40,8,1757,Limit × profit < 10k
Blue wizard hat,314,353,32,125,48,579,Limit × profit < 10k
Tinderbox,2,34,32,40,87,590,Limit × profit < 10k
Wizard hat,220,255,30,125,26,1017,Limit × profit < 10k
Iron warhammer,19,49,30,125,115,1335,Limit × profit < 10k
Blue wizard robe,1000,1050,29,125,32,577,Limit × profit < 10k
Mithril 2h sword,1283,1338,29,125,8,1315,Limit × profit < 10k
Sapphire amulet,436,470,25,10000,20,1694,Irregular volumes
Raw pike,86,112,24,15000,455,349,Sale price spike (1h vs 7d)
Iron kiteshield,50,75,24,125,17,1191,Limit × profit < 10k
Steel pickaxe,136,163,24,40,50,1269,Limit × profit < 10k
Adamant scimitar,1401,1454,24,125,23,1331,Limit × profit < 10k
Chef's hat,250,278,23,150,13,1949,Limit × profit < 10k
Steel scimitar,97,121,22,125,129,1325,Limit × profit < 10k
Ring mould,272,299,22,40,13,1592,Limit × profit < 10k
Cake tin,27,49,22,40,8,1887,Limit × profit < 10k
Cadava berries,74,96,21,600,35,753,Limit × profit < 10k
Ruby amulet (u),1043,1085,21,10000,3433,1679,No 3h average data
Blue dye,469,499,21,150,200,1767,Limit × profit < 10k
Energy potion(4),146,170,21,2000,1491,3008,Purchase price drop (1h vs 7d)
Mithril pickaxe,461,489,19,40,689,1273,Limit × profit < 10k
Adamant axe,373,400,19,40,56,1357,Limit × profit < 10k
Sapphire necklace,523,553,19,18000,12233,1656,Profit margin < 1gp
Purple dye,425,453,19,150,13,1773,Limit × profit < 10k
Bucket of water,44,64,19,13000,303,1929,Irregular volumes
Black sq shield,416,442,18,125,12,1179,Limit × profit < 10k
Black scimitar,1402,1448,18,125,13,1327,Limit × profit < 10k
Meat pizza,262,285,18,10000,20,2293,Profit/slot-hr < 20k
Antipoison(4),423,450,18,2000,816,2446,Profit/slot-hr < 20k
Pike,46,64,17,6000,13,351,Irregular volumes
Mithril ore,178,198,17,13000,75324,447,Profit margin < 1gp
Raw lobster,110,128,16,15000,8810,377,Sale price spike (1h vs 7d)
Iron chainbody,166,185,16,125,54,1101,Limit × profit < 10k
Castle wars bracelet(3),810,842,16,10000,5,11079,Irregular volumes
Strength potion(4),98,113,13,2000,959,113,Limit × profit < 10k
Necklace mould,212,228,12,40,26,1597,Limit × profit < 10k
Redberry pie,100,114,12,15,72,2325,Limit × profit < 10k
Oak shortbow,20,31,11,18000,15,843,Irregular volumes
Iron scimitar,34,45,11,125,122,1323,Profit margin < 1gp
Gold amulet (u),135,148,11,18000,5443,1673,Profit/slot-hr < 20k
Black sword,931,960,10,125,9,1283,Limit × profit < 10k
Steel longsword,118,130,10,125,23,1295,Limit × profit < 10k
Anchovy pizza,420,438,10,10000,94,2297,Profit margin < 1gp
Mithril bar,979,1009,10,10000,43151,2359,Passed all filters
Iron full helm,20,29,9,125,22,1153,Limit × profit < 10k
Steel mace,30,39,9,125,103,1424,Limit × profit < 10k
Emerald necklace,739,763,9,18000,17711,1658,Actual profit/hr < 20k
Chisel,89,99,9,40,28,1755,Limit × profit < 10k
Bronze med helm,100,110,8,125,37,1139,Limit × profit < 10k
Adamant med helm,875,901,8,125,17,1145,Limit × profit < 10k
Beer glass,15,23,8,10000,4849,1919,Purchase price drop (1h vs 7d)
Emerald amulet,669,689,7,10000,268,1696,Irregular volumes
Big bones,269,280,6,3000,16441,532,Profit/slot-hr < 20k
Uncut ruby,1003,1029,6,10000,42304,1619,Actual profit/hr < 20k
Hammer,110,118,6,40,113,2347,Limit × profit < 10k
Fur,325,337,6,18000,12078,6814,Profit/slot-hr < 20k
Limpwurt root,224,233,5,13000,18224,225,Turnover ETA > 6h
Anchovies,35,40,5,15000,1400,319,Irregular volumes
Salmon,30,35,5,6000,3142,329,Sale price spike (1h vs 7d)
Ruby,715,734,5,13000,58040,1603,Irregular volumes
Ruby amulet,1102,1129,5,10000,68,1698,Irregular volumes
Holy symbol,253,263,5,125,81,1718,Profit margin < 1gp
Red spiders' eggs,181,188,4,13000,17738,223,Irregular volumes
Coif,23,27,4,125,651,1169,Limit × profit < 10k
Iron sword,31,35,4,125,23,1279,Limit × profit < 10k
Pot,18,22,4,13000,1233,1931,Sale price spike (1h vs 7d)
Pot of flour,104,110,4,13000,48,1933,Irregular volumes
Banana,50,55,4,13000,13231,1963,Irregular volumes
Silver bar,110,116,4,10000,6500,2355,Profit/slot-hr < 20k
Fire tiara,16,20,4,40,4,5537,Limit × profit < 10k
Tuna,45,48,3,6000,8597,361,Limit × profit < 10k
Monk's robe,110,115,3,125,61,542,Limit × profit < 10k
Mithril platelegs,1271,1300,3,125,75,1071,Profit margin < 1gp
Uncut sapphire,215,222,3,10000,26186,1623,Turnover ETA > 6h
Cake,120,125,3,6000,289,1891,Irregular volumes
Grapes,71,75,3,20000,115533,1987,Actual profit/hr < 20k
Cooked meat,76,80,3,6000,8299,2142,Profit margin < 1gp
Pie dish,37,40,3,500,615,2313,Limit × profit < 10k
Bronze bar,55,59,3,10000,3945,2349,Profit/slot-hr < 20k
Tiara,114,119,3,10000,93,5525,Profit/slot-hr < 20k
Vile ashes,135,140,3,3000,2922,25769,Profit margin < 1gp
Shrimps,21,23,2,6000,284,315,Limit × profit < 10k
Trout,20,22,2,6000,3206,333,Limit × profit < 10k
Raw trout,45,47,2,15000,2439,335,Sale price spike (1h vs 7d)
Raw tuna,42,44,2,15000,6875,359,Profit margin < 1gp
Cosmic rune,109,113,2,18000,315024,564,Profit/slot-hr < 20k
Charcoal,165,170,2,13000,81,973,Irregular volumes
Blue skirt,38,40,2,150,8,1011,Limit × profit < 10k
Iron dagger,26,28,2,125,12,1203,Limit × profit < 10k
Iron longsword,25,27,2,125,109,1293,Limit × profit < 10k
Oak logs,36,38,2,15000,8120,1521,Profit margin < 1gp
Steel nails,35,37,2,13000,53851,1539,Profit margin < 1gp
Ruby ring,1028,1051,2,10000,406,1641,Profit margin < 1gp
Gold necklace,153,158,2,18000,4507,1654,Profit/slot-hr < 20k
Amulet of strength,1468,1500,2,125,2520,1725,Profit/slot-hr < 20k
Leather,194,199,2,13000,13271,1741,Profit/slot-hr < 20k
Soft clay,125,129,2,13000,24629,1761,Profit/slot-hr < 20k
Beer,90,93,2,2000,91,1917,Limit × profit < 10k
Bowl,15,17,2,13000,1073,1923,Irregular volumes
Cooking apple,36,38,2,13000,478,1955,Irregular volumes
Raw beef,42,44,2,13000,1241,2132,Irregular volumes
Apple pie,77,80,2,10000,800,2323,Profit margin < 1gp
Fishing rod,94,96,1,40,65,307,Limit × profit < 10k
Raw sardine,23,24,1,15000,1192,327,Purchase price drop (1h vs 7d)
Raw salmon,28,29,1,15000,7935,331,Profit margin < 1gp
Copper ore,11,12,1,13000,1172,436,Profit margin < 1gp
Tin ore,11,12,1,13000,986,438,Profit margin < 1gp
Nature rune,135,138,1,18000,445645,561,Profit/slot-hr < 20k
Chaos rune,106,109,1,18000,934360,562,Profit/slot-hr < 20k
Ashes,33,34,1,13000,867,592,Profit margin < 1gp
Willow shortbow,96,98,1,18000,148,849,Profit margin < 1gp
Adamant arrow,25,26,1,11000,147953,890,Profit/slot-hr < 20k
Plank,130,133,1,13000,11497,960,Profit/slot-hr < 20k
White apron,37,38,1,150,7,1005,Limit × profit < 10k
Leather boots,48,49,1,125,541,1061,Limit × profit < 10k
Bronze sq shield,30,31,1,125,3,1173,Limit × profit < 10k
Staff of water,812,829,1,125,26,1383,Purchase price drop (1h vs 7d)
Logs,23,24,1,15000,6977,1511,Profit/slot-hr < 20k
Maple logs,11,12,1,15000,58097,1517,Profit/slot-hr < 20k
Garlic,24,25,1,11000,140,1550,Irregular volumes
Redberries,50,52,1,13000,2080,1951,Profit margin < 1gp
Stew,128,131,1,10000,711,2003,Profit margin < 1gp
Raw rat meat,50,52,1,13000,17,2134,Profit margin < 1gp
Energy potion(1),30,31,1,2000,16,3014,Name exclusion
Herring,15,15,0,6000,33,347,Profit margin < 1gp
Raw swordfish,190,193,0,15000,27210,371,Profit margin < 1gp
Clay,76,77,0,13000,304,434,Profit margin < 1gp
Iron ore,69,70,0,13000,61064,440,Profit margin < 1gp
Bones,37,37,0,3000,8597,526,Profit margin < 1gp
Willow longbow,107,109,0,18000,3055,847,Profit margin < 1gp
Mithril sq shield,600,612,0,125,15,1181,Profit margin < 1gp
Bronze scimitar,67,68,0,125,5,1321,Profit margin < 1gp
Steel warhammer,133,135,0,125,188,1339,Profit margin < 1gp
Iron axe,123,125,0,40,30,1349,Profit margin < 1gp
Rune essence,12,12,0,20000,7107,1436,Profit margin < 1gp
Yew logs,105,107,0,12000,114844,1515,Profit margin < 1gp
Willow logs,22,22,0,15000,9163,1519,Profit margin < 1gp
Diamond amulet,2034,2075,0,10000,174,1700,Profit margin < 1gp
Shears,98,99,0,40,6,1735,Profit margin < 1gp
Wool,18,18,0,13000,31,1737,Profit margin < 1gp
Yellow dye,196,200,0,150,67,1765,Profit margin < 1gp
Bowl of water,32,32,0,13000,28039,1921,Profit margin < 1gp
Jug of water,15,15,0,13000,83055,1937,Profit/slot-hr < 20k
Potato,23,23,0,13000,1025,1942,Profit margin < 1gp
Egg,26,26,0,13000,140,1944,Profit margin < 1gp
Onion,25,25,0,13000,30,1957,Irregular volumes
Cabbage,33,33,0,6000,283,1965,Limit × profit < 10k
Chocolate bar,30,30,0,13000,132,1973,Profit margin < 1gp
Tomato,21,21,0,13000,68,1982,Profit margin < 1gp
Cheese,59,60,0,13000,735,1985,Profit margin < 1gp
Raw chicken,32,32,0,13000,3177,2138,Profit margin < 1gp
Plain pizza,441,450,0,10000,122,2289,Profit margin < 1gp
Bread,80,81,0,6000,129,2309,Profit margin < 1gp
Fly fishing rod,98,98,-1,40,18,309,Limit × profit < 10k
Raw shrimps,26,25,-1,15000,1441,317,Profit margin < 1gp
Raw anchovies,18,17,-1,13000,132,321,Profit margin < 1gp
Lobster,97,97,-1,6000,5454,379,Profit margin < 1gp
Gold ore,159,161,-1,30000,256211,444,Profit margin < 1gp
Coal,139,140,-1,13000,386877,453,Profit margin < 1gp
Death rune,190,192,-1,25000,811134,560,Profit margin < 1gp
Law rune,123,124,-1,18000,269427,563,Profit margin < 1gp
Shortbow,51,51,-1,18000,9,841,Profit margin < 1gp
Maple shortbow,163,165,-1,18000,2224,853,Profit margin < 1gp
Studded chaps,239,242,-1,125,55,1097,Profit margin < 1gp
Bronze dagger,101,102,-1,125,143,1205,Profit margin < 1gp
Bronze battleaxe,53,53,-1,125,6,1375,Profit margin < 1gp
Adamant mace,549,559,-1,125,17,1430,Profit margin < 1gp
Gold amulet,139,140,-1,18000,8,1692,No 3h average data
Ball of wool,69,69,-1,13000,2011,1759,Profit margin < 1gp
Chocolate cake,130,131,-1,6000,27,1897,Profit margin < 1gp
Chocolate dust,57,57,-1,13000,604,1975,Profit/slot-hr < 20k
Cooked chicken,81,81,-1,6000,6039,2140,Profit margin < 1gp
Purple gloves,869,885,-1,150,5,2942,Profit margin < 1gp
Energy potion(2),84,84,-1,2000,120,3012,Name exclusion
Raw t-bone steak,185,187,-1,13000,22,33106,Irregular volumes
Antipoison(3),275,278,-2,2000,47,175,Profit margin < 1gp
Swordfish,194,195,-2,6000,11147,373,Profit margin < 1gp
Black full helm,533,541,-2,125,50,1165,Profit margin < 1gp
Black dagger,337,341,-2,125,40,1217,Profit margin < 1gp
Gold ring,131,131,-2,18000,1619,1635,Profit margin < 1gp
Cowhide,130,130,-2,13000,330,1739,Profit margin < 1gp
Kebab,61,60,-2,6000,8,1971,Profit margin < 1gp
Silver ore,69,67,-3,13000,58814,442,Profit margin < 1gp
Maple longbow,272,274,-3,18000,840,851,Irregular volumes
Water talisman,278,280,-3,11000,313,1444,Profit margin < 1gp
Emerald,288,290,-3,13000,17565,1605,Profit margin < 1gp
Ruby necklace,1170,1190,-3,18000,32832,1660,Turnover ETA > 6h
Hard leather,181,181,-3,13000,760,1743,Profit margin < 1gp
Iron bar,175,175,-3,10000,28137,2351,Profit margin < 1gp
Gold bar,70,68,-3,10000,173012,2357,Profit margin < 1gp
Adamantite ore,557,564,-4,4500,54195,449,Profit margin < 1gp
Steel chainbody,207,207,-4,125,100,1105,Profit margin < 1gp
Mithril med helm,230,230,-4,125,117,1143,Limit × profit < 10k
Mithril axe,148,146,-4,40,56,1355,Profit margin < 1gp
Iron platelegs,55,51,-5,125,10,1067,Profit margin < 1gp
Pie shell,290,290,-5,13000,427,2315,Profit margin < 1gp
Silk,24,18,-6,18000,248,950,Profit margin < 1gp
Sapphire ring,436,438,-6,10000,3414,1637,Profit margin < 1gp
Spinach roll,361,361,-7,50,6,1969,Limit × profit < 10k
Ring of forging,1038,1052,-7,10000,138,2568,Profit margin < 1gp
Sapphire,177,172,-8,13000,11400,1607,Profit margin < 1gp
Diamond necklace,2066,2100,-8,18000,1238,1662,Profit margin < 1gp
Raw bear meat,225,220,-9,13000,11,2136,Profit margin < 1gp
Rope,49,39,-10,250,1267,954,Profit margin < 1gp
Iron pickaxe,75,65,-11,40,56,1267,Profit margin < 1gp
Black axe,1043,1053,-11,40,55,1361,Profit margin < 1gp
Earth talisman,619,620,-11,11000,1518,1440,Profit margin < 1gp
Mithril warhammer,877,882,-12,125,13,1343,Profit margin < 1gp
Steel battleaxe,170,161,-12,125,69,1365,Profit margin < 1gp
Teleport card,204,195,-12,500,24,13658,Profit margin < 1gp
Black warhammer,661,661,-13,125,6,1341,Profit margin < 1gp
Steel bar,600,598,-13,10000,152021,2353,Profit margin < 1gp
Monk's robe (t),5500,5597,-14,4,3,23306,Profit margin < 1gp
Steel full helm,118,105,-15,125,8,1157,Limit × profit < 10k
Steel platebody,991,991,-19,125,1176,1119,Profit margin < 1gp
Rune axe,7252,7380,-19,40,449,1359,Profit margin < 1gp
Black kiteshield,1031,1031,-20,125,12,1195,Profit margin < 1gp
Uncut emerald,412,400,-20,10000,14197,1621,Profit margin < 1gp
Emerald ring,628,619,-21,10000,686,1639,Profit margin < 1gp
Wine of Zamorak,931,927,-22,11000,6122,245,Profit margin < 1gp
Uncut diamond,2446,2470,-25,10000,35430,1617,Profit margin < 1gp
Mithril sword,313,292,-26,125,8,1285,Profit margin < 1gp
Diamond,1625,1630,-27,11000,23010,1601,Profit margin < 1gp
Body talisman,1485,1486,-28,11000,43,1446,Profit margin < 1gp
Mithril platebody,2900,2925,-33,125,287,1121,Profit margin < 1gp
Adamant plateskirt (g),3691,3732,-33,8,10,3475,Profit margin < 1gp
Diamond ring,1929,1932,-35,10000,1255,1643,Profit margin < 1gp
Diamond amulet (u),1920,1921,-37,10000,11646,1681,Profit margin < 1gp
Adamantite bar,1888,1888,-37,10000,108455,2361,Profit margin < 1gp
Black battleaxe,611,583,-39,125,34,1367,Profit margin < 1gp
Mithril battleaxe,926,901,-43,125,16,1369,Profit margin < 1gp
Black platebody,2323,2323,-46,125,57,1125,Limit × profit < 10k
Blue cape,159,111,-50,150,19,1021,Profit margin < 1gp
Teal boots,1331,1300,-57,150,100,2924,Profit margin < 1gp
Adamant platebody (h1),9147,9248,-83,8,2,23392,Profit margin < 1gp
Adamant battleaxe,2399,2361,-85,125,170,1371,Profit margin < 1gp
Green d'hide body,4390,4390,-87,125,1475,1135,Profit margin < 1gp
Mithril plateskirt,1254,1186,-91,125,499,1085,Profit margin < 1gp
Adamant sq shield,2106,2056,-91,125,18,1183,Limit × profit < 10k
Mithril platelegs (g),2544,2495,-98,8,2,12279,Limit × profit < 10k
Green dragonhide set,9017,9100,-99,125,5,12865,Profit margin < 1gp
Zamorak monk bottom,2613,2554,-110,15,55,1033,Profit margin < 1gp
Steel 2h sword,342,236,-110,125,613,1311,Profit margin < 1gp
Easter egg,5666,5666,-113,50,13,1961,Profit margin < 1gp
Saradomin platebody,50000,50896,-121,8,2,2661,Profit margin < 1gp
Adamant chainbody,2523,2435,-136,125,165,1111,Profit margin < 1gp
Rune sword,11897,12000,-137,70,588,1289,Profit margin < 1gp
Runite ore,10038,10100,-140,4500,37641,451,Profit margin < 1gp
Adamant platebody,9450,9496,-143,125,1864,1123,Profit margin < 1gp
Rune platelegs (t),37509,38100,-171,8,3,2625,Profit margin < 1gp
Adamant 2h sword,3539,3432,-175,125,310,1317,Profit margin < 1gp
Green d'hide vambraces,1450,1290,-185,125,145,1065,Profit margin < 1gp
Adamant kiteshield,2979,2844,-191,125,70,1199,Profit margin < 1gp
Rune med helm,10921,10931,-208,70,958,1147,Profit margin < 1gp
Rune pickaxe,18437,18592,-216,40,1415,1275,Profit margin < 1gp
Adamant platelegs,3549,3392,-224,125,411,1073,Profit margin < 1gp
Runite bar,12232,12239,-237,10000,42873,2363,Profit margin < 1gp
Rune scimitar,14792,14827,-261,70,1073,1333,Profit margin < 1gp
Disk of Returning,13522,13522,-270,50,2,981,Profit margin < 1gp
Rune full helm,20385,20441,-352,70,2246,1163,Profit margin < 1gp
Rune longsword,18505,18517,-358,70,2014,1303,Profit margin < 1gp
Rune mace,8278,8003,-435,70,1612,1432,Profit margin < 1gp
Rune warhammer,24831,24887,-441,70,3565,1347,Profit margin < 1gp
Guthix full helm,24027,24053,-455,8,4,2673,Profit margin < 1gp
Rune chainbody,29275,29396,-466,70,942,1113,Profit margin < 1gp
Rune sq shield,22379,22316,-509,70,586,1185,Profit margin < 1gp
Zamorak platelegs,39500,39737,-557,8,2,2655,Profit margin < 1gp
Rune platebody,38130,38336,-560,70,4011,1127,Profit margin < 1gp
Rune 2h sword,37771,37773,-753,70,1224,1319,Profit margin < 1gp
Rune kiteshield,32029,31903,-764,70,2900,1201,Profit margin < 1gp
Rune plateskirt,37772,37762,-765,70,648,1093,Profit margin < 1gp
Rune battleaxe,24556,24275,-766,70,594,1373,Profit margin < 1gp
Rune platelegs,37733,37679,-807,70,4093,1079,Profit margin < 1gp
Rune platebody (t),39000,38831,-945,8,1,2623,No 3h average data
Black platelegs (g),24888,24000,-1368,8,4,2593,Purchase price drop (1h vs 7d)
Rune full helm (t),24902,23717,-1659,8,3,2627,Profit margin < 1gp
Bandos full helm,25000,22432,-3016,8,3,12486,Profit margin < 1gp
Mole slippers,175000,175000,-3500,4,8,23285,Profit margin < 1gp
Team cape i,1078575,1079435,-20728,4,2,20217,Profit margin < 1gp
Bryophyta's staff (uncharged),4361533,4428366,-21734,8,6,22368,Profit margin < 1gp
Old school bond,12029942,11834721,-431915,100,128,13190,Name exclusion